46736_1#333	United Kingdom	2019
47195_1#237	United Kingdom	2010
47195_1#11	United Kingdom	2009
46321_2#78	Cambodia	2019
46736_1#149	United Kingdom	2019
47195_1#8	United Kingdom	2010
46736_1#62	United Kingdom	2020
47195_1#77	United Kingdom	2009
46472_2#155	Thailand	2008
46321_2#212	Cambodia	2019
47195_1#48	United Kingdom	2010
47195_1#108	United Kingdom	2010
46736_1#278	United Kingdom	2020
47195_1#121	United Kingdom	2010
46321_1#351	Cambodia	2019
46358_2#175	Cambodia	2019
47195_1#98	United Kingdom	2010
46321_2#25	Cambodia	2019
46736_1#302	United Kingdom	2020
46358_2#137	Cambodia	2019
46358_2#242	Cambodia	2019
47195_1#223	United Kingdom	2011
46321_2#29	Cambodia	2019
46321_2#257	Cambodia	2019
46321_1#189	Thailand	2009
47195_1#127	United Kingdom	2010
46321_2#273	Cambodia	2019
46321_1#29	Thailand	2008
46321_1#379	Cambodia	2019
46321_1#314	Cambodia	2019
46358_2#46	Cambodia	2019
47195_1#225	United Kingdom	2010
47195_1#129	United Kingdom	2009
47195_1#281	United Kingdom	2011
46321_1#376	Cambodia	2019
46736_1#55	United Kingdom	2019
47195_1#308	United Kingdom	2010
46321_2#44	Cambodia	2019
46736_1#352	United Kingdom	2020
47195_1#339	United Kingdom	2011
46736_1#220	United Kingdom	2020
47195_1#176	United Kingdom	2010
46321_2#4	Cambodia	2019
47195_1#168	United Kingdom	2010
47195_1#277	United Kingdom	2011
46321_2#135	Cambodia	2019
47195_1#131	United Kingdom	2009
47195_1#43	United Kingdom	2009
46321_2#288	Cambodia	2019
46321_2#80	Cambodia	2019
46321_1#50	Cambodia	2019
46736_1#248	United Kingdom	2020
46736_1#178	United Kingdom	2020
47195_1#105	United Kingdom	2009
46736_1#235	United Kingdom	2019
46736_1#219	United Kingdom	2019
46736_1#183	United Kingdom	2019
46736_1#27	United Kingdom	2019
47195_1#1	United Kingdom	2009
46736_1#125	United Kingdom	2019
46736_1#306	United Kingdom	2020
47195_1#17	United Kingdom	2011
47195_1#309	United Kingdom	2011
46472_2#311	Cambodia	2019
46358_2#384	Thailand	2009
46872_1#5	United Kingdom	2019
47195_1#134	United Kingdom	2010
46358_2#336	Cambodia	2019
46321_2#159	Cambodia	2019
46736_1#321	United Kingdom	2019
46736_1#301	United Kingdom	2020
46358_2#141	Cambodia	2019
47195_1#233	United Kingdom	2010
46472_2#344	Cambodia	2019
46736_1#304	United Kingdom	2020
46358_2#33	Cambodia	2019
46321_2#330	Cambodia	2019
46736_1#237	United Kingdom	2019
46736_1#353	United Kingdom	2020
46472_2#209	Thailand	2009
47195_1#69	United Kingdom	2009
46321_2#71	Cambodia	2019
46321_1#84	Cambodia	2019
46736_1#187	United Kingdom	2019
46321_1#247	Cambodia	2019
46472_2#159	Thailand	2008
46321_2#281	Cambodia	2019
46736_1#146	United Kingdom	2020
47195_1#164	United Kingdom	2010
46321_1#191	Thailand	2009
46321_1#294	Thailand	2008
46321_1#221	Thailand	2009
46472_2#273	Thailand	2009
47195_1#262	United Kingdom	2010
46321_2#107	Cambodia	2019
46321_1#319	Cambodia	2019
46321_2#113	Cambodia	2019
46358_2#356	Cambodia	2019
46736_1#252	United Kingdom	2020
46321_1#275	Cambodia	2019
46358_2#45	Cambodia	2019
46321_2#322	Cambodia	2019
46321_2#85	Cambodia	2019
46472_2#192	Cambodia	2019
47195_1#290	United Kingdom	2010
46472_2#189	Thailand	2009
46472_2#154	Cambodia	2019
46321_2#254	Cambodia	2019
46321_2#309	Cambodia	2019
47195_1#40	United Kingdom	2010
46358_2#292	Cambodia	2019
47195_1#113	United Kingdom	2009
46472_2#18	Cambodia	2019
46472_2#58	Cambodia	2019
47195_1#169	United Kingdom	2009
46321_1#213	Thailand	2010
46321_2#197	Cambodia	2019
47195_1#234	United Kingdom	2011
47195_1#313	United Kingdom	2011
47195_1#53	United Kingdom	2011
46358_2#269	Cambodia	2019
46736_1#153	United Kingdom	2019
46358_2#328	Cambodia	2019
47195_1#179	United Kingdom	2011
46872_1#67	United Kingdom	2019
47195_1#329	United Kingdom	2011
46321_2#299	Cambodia	2019
46358_2#201	Cambodia	2019
46472_2#214	Cambodia	2019
46358_2#271	Cambodia	2019
46472_2#282	Cambodia	2019
47195_1#165	United Kingdom	2009
46321_1#219	Thailand	2010
46358_2#303	Cambodia	2019
47195_1#10	United Kingdom	2010
46321_1#125	Thailand	2009
46321_1#153	Thailand	2009
47195_1#80	United Kingdom	2010
47195_1#336	United Kingdom	2010
47195_1#151	United Kingdom	2010
46736_1#249	United Kingdom	2019
47195_1#245	United Kingdom	2011
47195_1#133	United Kingdom	2009
46321_2#77	Cambodia	2019
46321_1#121	Thailand	2009
46321_1#285	Cambodia	2019
46321_2#21	Cambodia	2019
46358_2#36	Cambodia	2019
46321_1#52	Cambodia	2019
46321_2#289	Cambodia	2019
46736_1#150	United Kingdom	2020
46472_2#248	Cambodia	2019
46872_1#135	United Kingdom	2020
46358_2#254	Thailand	2009
46736_1#305	United Kingdom	2020
46736_1#182	United Kingdom	2020
46872_1#141	United Kingdom	2020
46321_1#64	Cambodia	2019
46736_1#216	United Kingdom	2020
46472_2#183	Thailand	2008
46321_2#72	Cambodia	2019
46321_2#343	Cambodia	2019
47195_1#213	United Kingdom	2011
46358_2#10	Cambodia	2019
46321_1#27	Thailand	2008
46321_2#6	Cambodia	2019
47195_1#71	United Kingdom	2009
46321_2#326	Cambodia	2019
46358_2#225	Cambodia	2019
47195_1#230	United Kingdom	2011
46472_2#305	Cambodia	2019
46321_1#24	Cambodia	2019
46358_2#314	Cambodia	2019
46472_2#249	Thailand	2009
46736_1#313	United Kingdom	2019
46321_2#328	Cambodia	2019
46472_2#307	Cambodia	2019
46321_2#366	Cambodia	2019
47195_1#2	United Kingdom	2010
46358_2#324	Cambodia	2019
46358_2#329	Cambodia	2019
46321_1#330	Thailand	2008
46321_2#139	Cambodia	2019
46736_1#93	United Kingdom	2019
46736_1#82	United Kingdom	2020
47195_1#219	United Kingdom	2011
47195_1#44	United Kingdom	2010
47195_1#278	United Kingdom	2010
46736_1#284	United Kingdom	2020
46321_1#187	Thailand	2009
47195_1#93	United Kingdom	2009
47195_1#173	United Kingdom	2009
46736_1#289	United Kingdom	2019
47195_1#227	United Kingdom	2010
46472_2#118	Cambodia	2019
46736_1#354	United Kingdom	2020
46736_1#222	United Kingdom	2020
46358_2#231	Cambodia	2019
46736_1#221	United Kingdom	2019
46321_2#377	Cambodia	2019
46321_1#249	Cambodia	2019
46358_2#8	Cambodia	2019
46358_2#340	Cambodia	2019
46321_1#252	Cambodia	2019
46321_2#376	Cambodia	2019
46321_2#319	Cambodia	2019
46358_2#282	Cambodia	2019
46472_2#177	Thailand	2008
47195_1#261	United Kingdom	2011
46321_2#34	Cambodia	2019
46321_2#11	Cambodia	2019
46736_1#337	United Kingdom	2019
47195_1#324	United Kingdom	2010
46736_1#56	United Kingdom	2020
46321_2#101	Cambodia	2019
47195_1#27	United Kingdom	2011
46358_2#338	Thailand	2009
47195_1#283	United Kingdom	2011
47195_1#194	United Kingdom	2010
47195_1#301	United Kingdom	2011
46872_1#65	United Kingdom	2019
46736_1#192	United Kingdom	2020
46321_2#358	Cambodia	2019
46321_1#20	Cambodia	2019
46321_2#83	Cambodia	2019
46321_2#229	Cambodia	2019
46736_1#239	United Kingdom	2019
46321_2#351	Cambodia	2019
46736_1#156	United Kingdom	2020
46736_1#29	United Kingdom	2019
46472_2#153	Thailand	2009
46321_2#252	Cambodia	2019
46321_2#74	Cambodia	2019
46472_2#149	Thailand	2008
46736_1#20	United Kingdom	2020
46358_2#259	Cambodia	2019
46358_2#346	Thailand	2009
47195_1#67	United Kingdom	2009
46321_2#332	Cambodia	2019
47195_1#254	United Kingdom	2010
46872_1#3	United Kingdom	2019
46472_2#342	Cambodia	2019
47195_1#21	United Kingdom	2011
46736_1#94	United Kingdom	2020
46736_1#159	United Kingdom	2019
47195_1#104	United Kingdom	2010
47195_1#276	United Kingdom	2010
46321_1#305	Cambodia	2019
46736_1#255	United Kingdom	2019
46736_1#30	United Kingdom	2020
46321_2#301	Cambodia	2019
46472_2#145	Thailand	2008
46321_1#370	Cambodia	2019
46321_2#217	Cambodia	2019
46321_2#314	Cambodia	2019
46472_2#253	Thailand	2009
46736_1#21	United Kingdom	2019
46736_1#223	United Kingdom	2019
46321_2#151	Cambodia	2019
46321_1#88	Cambodia	2019
46472_2#287	Cambodia	2019
46321_2#214	Cambodia	2019
46872_1#173	United Kingdom	2020
46736_1#293	United Kingdom	2019
47195_1#137	United Kingdom	2009
46872_1#9	United Kingdom	2019
47195_1#51	United Kingdom	2011
47195_1#306	United Kingdom	2010
46321_2#303	Cambodia	2019
46472_2#26	Cambodia	2019
47195_1#211	United Kingdom	2011
46321_2#19	Cambodia	2019
46321_1#349	Cambodia	2019
46736_1#123	United Kingdom	2019
47195_1#197	United Kingdom	2009
46358_2#79	Cambodia	2019
46472_2#217	Thailand	2008
47195_1#72	United Kingdom	2010
46358_2#234	Cambodia	2019
46321_2#233	Cambodia	2019
46321_1#151	Thailand	2009
46321_2#335	Cambodia	2019
47195_1#203	United Kingdom	2010
46736_1#351	United Kingdom	2020
47195_1#140	United Kingdom	2010
46358_2#13	Cambodia	2019
46358_2#97	Cambodia	2019
46358_2#103	Cambodia	2019
47195_1#304	United Kingdom	2010
46321_1#128	Cambodia	2019
46736_1#291	United Kingdom	2019
47195_1#259	United Kingdom	2011
46358_2#260	Cambodia	2019
46736_1#116	United Kingdom	2020
46472_2#191	Thailand	2008
47195_1#285	United Kingdom	2011
47195_1#312	United Kingdom	2010
46358_2#1	Cambodia	2019
46736_1#88	United Kingdom	2020
46736_1#26	United Kingdom	2020
47195_1#91	United Kingdom	2009
47195_1#229	United Kingdom	2010
46321_2#278	Cambodia	2019
46321_2#99	Cambodia	2019
47195_1#201	United Kingdom	2010
47195_1#66	United Kingdom	2010
47195_1#115	United Kingdom	2009
47195_1#6	United Kingdom	2010
46736_1#327	United Kingdom	2020
46872_1#193	United Kingdom	2020
46321_2#76	Cambodia	2019
46321_2#175	Cambodia	2019
46736_1#309	United Kingdom	2019
46358_2#71	Cambodia	2019
47195_1#111	United Kingdom	2009
46321_2#368	Cambodia	2019
46321_1#209	Thailand	2009
46321_2#13	Cambodia	2019
47195_1#161	United Kingdom	2009
46321_1#384	Cambodia	2019
46736_1#180	United Kingdom	2020
46358_2#229	Cambodia	2019
46736_1#191	United Kingdom	2019
46736_1#154	United Kingdom	2020
46872_1#129	United Kingdom	2020
46736_1#160	United Kingdom	2020
47195_1#303	United Kingdom	2011
47195_1#287	United Kingdom	2011
47195_1#260	United Kingdom	2010
47195_1#177	United Kingdom	2011
46358_2#280	Thailand	2010
47195_1#327	United Kingdom	2011
46872_1#33	United Kingdom	2019
47195_1#12	United Kingdom	2010
46321_2#43	Cambodia	2019
46321_2#334	Cambodia	2019
46736_1#83	United Kingdom	2019
46736_1#263	United Kingdom	2019
46321_1#223	Thailand	2009
46321_2#352	Cambodia	2019
47195_1#3	United Kingdom	2009
46358_2#65	Cambodia	2019
46736_1#28	United Kingdom	2020
47195_1#199	United Kingdom	2009
47195_1#143	United Kingdom	2009
46872_1#175	United Kingdom	2020
46321_2#219	Cambodia	2019
46736_1#276	United Kingdom	2020
46321_2#237	Cambodia	2019
46321_2#307	Cambodia	2019
46321_2#347	Cambodia	2019
46321_1#18	Cambodia	2019
46736_1#243	United Kingdom	2019
46472_2#276	Cambodia	2019
46321_1#312	Cambodia	2019
46321_1#340	Cambodia	2019
46736_1#331	United Kingdom	2020
47195_1#29	United Kingdom	2011
47195_1#99	United Kingdom	2009
46358_2#286	Thailand	2010
46321_2#93	Cambodia	2019
47195_1#181	United Kingdom	2011
46321_1#344	Cambodia	2019
46872_1#35	United Kingdom	2019
46736_1#61	United Kingdom	2019
46358_2#80	Cambodia	2019
47195_1#257	United Kingdom	2011
46736_1#25	United Kingdom	2019
46321_2#51	Cambodia	2019
46736_1#212	United Kingdom	2020
46321_2#67	Cambodia	2019
46321_2#362	Cambodia	2019
46321_1#89	Thailand	2009
46358_2#15	Cambodia	2019
46472_2#121	Thailand	2010
47195_1#139	United Kingdom	2009
46736_1#317	United Kingdom	2019
46736_1#323	United Kingdom	2019
46321_1#377	Cambodia	2019
46358_2#380	Thailand	2009
47195_1#49	United Kingdom	2011
46321_2#331	Cambodia	2019
46472_2#86	Cambodia	2019
46472_2#178	Cambodia	2019
46321_1#366	Thailand	2010
47195_1#74	United Kingdom	2010
46358_2#70	Cambodia	2019
47195_1#314	United Kingdom	2010
46358_2#218	Cambodia	2019
46736_1#347	United Kingdom	2019
46321_2#87	Cambodia	2019
46321_1#287	Cambodia	2019
46321_1#215	Thailand	2009
46321_2#258	Cambodia	2019
46736_1#259	United Kingdom	2019
46321_2#213	Cambodia	2019
46872_1#99	United Kingdom	2020
47195_1#163	United Kingdom	2009
46321_2#355	Cambodia	2019
47195_1#202	United Kingdom	2010
46872_1#39	United Kingdom	2019
46321_2#61	Cambodia	2019
46736_1#280	United Kingdom	2020
46358_2#143	Cambodia	2019
46321_2#178	Cambodia	2019
46872_1#77	United Kingdom	2019
47195_1#34	United Kingdom	2010
46358_2#250	Cambodia	2019
47195_1#33	United Kingdom	2009
46472_2#348	Cambodia	2019
46736_1#122	United Kingdom	2020
47195_1#264	United Kingdom	2010
47195_1#221	United Kingdom	2011
46321_1#148	Cambodia	2019
46736_1#281	United Kingdom	2020
47195_1#89	United Kingdom	2009
46321_1#246	Cambodia	2019
47195_1#144	United Kingdom	2010
46872_1#109	United Kingdom	2020
46321_1#253	Cambodia	2019
46321_2#205	Cambodia	2019
46321_2#337	Cambodia	2019
46472_2#241	Thailand	2008
46472_2#84	Cambodia	2019
46358_2#360	Cambodia	2019
46472_2#256	Cambodia	2019
46321_2#133	Cambodia	2019
46736_1#246	United Kingdom	2020
46358_2#355	Cambodia	2019
47195_1#15	United Kingdom	2009
46321_2#356	Cambodia	2019
46321_2#141	Cambodia	2019
46358_2#170	Cambodia	2019
46321_2#10	Cambodia	2019
47195_1#4	United Kingdom	2010
46321_2#256	Cambodia	2019
46358_2#212	Cambodia	2019
46321_1#57	Thailand	2008
46321_2#129	Cambodia	2019
46321_2#277	Cambodia	2019
46736_1#51	United Kingdom	2019
46321_1#292	Thailand	2009
46321_2#2	Cambodia	2019
46358_2#67	Cambodia	2019
46736_1#350	United Kingdom	2020
47195_1#238	United Kingdom	2011
47195_1#174	United Kingdom	2010
46736_1#119	United Kingdom	2019
46736_1#308	United Kingdom	2020
46321_1#382	Cambodia	2019
46358_2#248	Cambodia	2019
47195_1#217	United Kingdom	2011
47195_1#138	United Kingdom	2010
47195_1#282	United Kingdom	2010
46321_2#272	Cambodia	2019
47195_1#79	United Kingdom	2009
46736_1#247	United Kingdom	2019
46736_1#117	United Kingdom	2019
47195_1#335	United Kingdom	2011
47195_1#149	United Kingdom	2010
47195_1#7	United Kingdom	2009
47195_1#235	United Kingdom	2010
46472_2#211	Thailand	2008
46321_2#361	Cambodia	2019
47195_1#337	United Kingdom	2011
46736_1#49	United Kingdom	2019
46321_2#169	Cambodia	2019
46872_1#47	United Kingdom	2019
47195_1#185	United Kingdom	2011
46321_2#209	Cambodia	2019
46472_2#119	Thailand	2009
47195_1#123	United Kingdom	2010
46321_1#242	Cambodia	2019
47195_1#172	United Kingdom	2010
46358_2#310	Cambodia	2019
46736_1#299	United Kingdom	2019
46358_2#100	Cambodia	2019
46321_1#149	Thailand	2009
46321_2#340	Cambodia	2019
46358_2#239	Cambodia	2019
47195_1#215	United Kingdom	2011
47195_1#302	United Kingdom	2010
46321_1#356	Thailand	2008
47195_1#141	United Kingdom	2009
46321_2#1	Cambodia	2019
46321_2#276	Cambodia	2019
47195_1#14	United Kingdom	2010
47195_1#117	United Kingdom	2009
47195_1#286	United Kingdom	2010
46358_2#327	Cambodia	2019
46321_2#31	Cambodia	2019
46321_2#131	Cambodia	2019
46736_1#256	United Kingdom	2020
46472_2#216	Cambodia	2019
46321_2#46	Cambodia	2019
46358_2#238	Cambodia	2019
46321_2#181	Cambodia	2019
46472_2#277	Thailand	2010
46321_1#290	Thailand	2010
46358_2#236	Cambodia	2019
46321_2#47	Cambodia	2019
46321_1#95	Thailand	2009
46872_1#69	United Kingdom	2019
46358_2#358	Cambodia	2019
46736_1#64	United Kingdom	2020
46321_1#185	Thailand	2010
46321_1#276	Cambodia	2019
47195_1#46	United Kingdom	2010
46872_1#11	United Kingdom	2019
46321_1#30	Cambodia	2019
46358_2#331	Cambodia	2019
47195_1#284	United Kingdom	2010
46736_1#86	United Kingdom	2020
47195_1#207	United Kingdom	2010
46736_1#185	United Kingdom	2019
47195_1#279	United Kingdom	2011
46736_1#19	United Kingdom	2019
47195_1#112	United Kingdom	2010
47195_1#243	United Kingdom	2011
46321_2#192	Cambodia	2019
46321_2#69	Cambodia	2019
46358_2#252	Thailand	2008
46321_2#63	Cambodia	2019
46358_2#172	Cambodia	2019
47195_1#256	United Kingdom	2010
46321_1#87	Thailand	2009
46358_2#246	Thailand	2009
46321_2#177	Cambodia	2019
46358_2#37	Cambodia	2019
46472_2#343	Cambodia	2019
46472_2#56	Cambodia	2019
47195_1#145	United Kingdom	2010
46736_1#181	United Kingdom	2019
46736_1#250	United Kingdom	2020
46321_2#329	Cambodia	2019
47195_1#196	United Kingdom	2010
46736_1#330	United Kingdom	2020
47195_1#193	United Kingdom	2009
46321_1#154	Cambodia	2019
46736_1#274	United Kingdom	2020
46736_1#17	United Kingdom	2019
46736_1#89	United Kingdom	2019
46472_2#179	Thailand	2008
46736_1#303	United Kingdom	2020
47195_1#100	United Kingdom	2010
46321_1#342	Cambodia	2019
46358_2#367	Cambodia	2019
46872_1#107	United Kingdom	2020
46321_1#256	Cambodia	2019
46872_1#75	United Kingdom	2019
46321_1#347	Cambodia	2019
46358_2#348	Thailand	2010
46736_1#23	United Kingdom	2019
46321_2#227	Cambodia	2019
46736_1#332	United Kingdom	2020
46321_1#313	Cambodia	2019
46358_2#66	Cambodia	2019
46358_2#321	Cambodia	2019
46321_2#245	Cambodia	2019
47195_1#25	United Kingdom	2011
46321_2#318	Cambodia	2019
46321_2#207	Cambodia	2019
46321_1#155	Thailand	2009
46321_1#181	Thailand	2009
46321_1#281	Cambodia	2019
46321_2#39	Cambodia	2019
46321_1#19	Thailand	2008
47195_1#130	United Kingdom	2010
46358_2#207	Cambodia	2019
46321_2#59	Cambodia	2019
46358_2#39	Cambodia	2019
46736_1#113	United Kingdom	2019
46321_1#156	Cambodia	2019
46321_2#55	Cambodia	2019
47195_1#200	United Kingdom	2010
46736_1#54	United Kingdom	2020
46736_1#85	United Kingdom	2019
47195_1#16	United Kingdom	2010
46358_2#274	Cambodia	2019
46321_2#271	Cambodia	2019
46358_2#131	Cambodia	2019
46472_2#219	Thailand	2009
46736_1#121	United Kingdom	2019
46736_1#186	United Kingdom	2020
46321_2#182	Cambodia	2019
46321_2#282	Cambodia	2019
47195_1#325	United Kingdom	2011
46321_2#189	Cambodia	2019
46321_1#31	Thailand	2008
46358_2#106	Cambodia	2019
46321_1#343	Cambodia	2019
46736_1#58	United Kingdom	2020
46358_2#132	Cambodia	2019
46358_2#42	Cambodia	2019
46321_1#157	Thailand	2009
46321_2#338	Cambodia	2019
46472_2#340	Cambodia	2019
46358_2#9	Cambodia	2019
46321_2#320	Cambodia	2019
47195_1#157	United Kingdom	2011
47195_1#208	United Kingdom	2011
46472_2#128	Cambodia	2019
47195_1#102	United Kingdom	2010
46472_2#117	Thailand	2008
46321_1#369	Cambodia	2019
46321_2#346	Cambodia	2019
46321_2#41	Cambodia	2019
46321_2#248	Cambodia	2019
46472_2#255	Thailand	2009
46321_2#333	Cambodia	2019
46321_1#373	Cambodia	2019
46736_1#315	United Kingdom	2019
46472_2#156	Cambodia	2019
46872_1#171	United Kingdom	2020
47195_1#231	United Kingdom	2010
46358_2#194	Cambodia	2019
46321_1#22	Cambodia	2019
46472_2#243	Thailand	2010
46321_2#384	Cambodia	2019
47195_1#226	United Kingdom	2011
47195_1#135	United Kingdom	2009
46736_1#95	United Kingdom	2019
46736_1#345	United Kingdom	2019
46358_2#78	Cambodia	2019
47195_1#97	United Kingdom	2009
46472_2#346	Cambodia	2019
46321_2#23	Cambodia	2019
46472_2#190	Cambodia	2019
46358_2#101	Cambodia	2019
46736_1#269	United Kingdom	2019
47195_1#291	United Kingdom	2011
46736_1#127	United Kingdom	2019
46736_1#341	United Kingdom	2019
46321_1#147	Thailand	2010
46736_1#158	United Kingdom	2020
47195_1#204	United Kingdom	2010
46358_2#276	Cambodia	2019
46872_1#143	United Kingdom	2020
46321_2#143	Cambodia	2019
46872_1#163	United Kingdom	2020
46321_1#372	Cambodia	2019
46736_1#190	United Kingdom	2020
46321_2#280	Cambodia	2019
46321_1#123	Thailand	2010
47195_1#5	United Kingdom	2009
46472_2#318	Cambodia	2019
46321_2#3	Cambodia	2019
47195_1#101	United Kingdom	2009
47195_1#228	United Kingdom	2011
46321_1#177	Thailand	2009
46358_2#102	Cambodia	2019
46358_2#222	Cambodia	2019
47195_1#198	United Kingdom	2010
46472_2#275	Thailand	2009
46321_1#337	Cambodia	2019
47195_1#175	United Kingdom	2009
46321_2#279	Cambodia	2019
46321_2#360	Cambodia	2019
46736_1#214	United Kingdom	2020
47195_1#310	United Kingdom	2010
47195_1#75	United Kingdom	2009
46736_1#24	United Kingdom	2020
46321_2#35	Cambodia	2019
46736_1#151	United Kingdom	2019
47195_1#209	United Kingdom	2011
46736_1#18	United Kingdom	2020
46321_2#193	Cambodia	2019
46358_2#47	Cambodia	2019
46472_2#125	Thailand	2010
46321_2#241	Cambodia	2019
46321_2#165	Cambodia	2019
46736_1#211	United Kingdom	2019
46358_2#165	Cambodia	2019
46472_2#157	Thailand	2009
47195_1#330	United Kingdom	2010
46321_1#113	Thailand	2009
46736_1#114	United Kingdom	2020
46321_2#215	Cambodia	2019
46472_2#146	Cambodia	2019
46321_1#273	Cambodia	2019
46736_1#253	United Kingdom	2019
46472_2#147	Thailand	2009
46472_2#152	Cambodia	2019
46872_1#161	United Kingdom	2020
46736_1#277	United Kingdom	2020
46321_1#183	Thailand	2009
46321_1#243	Cambodia	2019
46321_2#372	Cambodia	2019
46472_2#246	Cambodia	2019
46472_2#252	Cambodia	2019
46321_2#123	Cambodia	2019
46872_1#43	United Kingdom	2019
47195_1#37	United Kingdom	2009
46321_2#263	Cambodia	2019
46872_1#15	United Kingdom	2019
46472_2#151	Thailand	2008
46321_1#352	Cambodia	2019
46872_1#167	United Kingdom	2020
47195_1#307	United Kingdom	2011
47195_1#162	United Kingdom	2010
46321_2#305	Cambodia	2019
46358_2#258	Cambodia	2019
46736_1#63	United Kingdom	2019
46736_1#307	United Kingdom	2020
46321_2#65	Cambodia	2019
46736_1#218	United Kingdom	2020
46472_2#52	Cambodia	2019
46321_1#374	Cambodia	2019
46358_2#168	Cambodia	2019
46321_1#284	Cambodia	2019
46358_2#291	Cambodia	2019
47195_1#240	United Kingdom	2011
47195_1#76	United Kingdom	2010
46321_1#310	Cambodia	2019
46736_1#355	United Kingdom	2020
46736_1#213	United Kingdom	2019
46321_1#315	Cambodia	2019
46321_1#210	Cambodia	2019
47195_1#35	United Kingdom	2009
46736_1#282	United Kingdom	2020
47195_1#59	United Kingdom	2009
46872_1#131	United Kingdom	2020
46736_1#279	United Kingdom	2020
46736_1#92	United Kingdom	2020
46736_1#52	United Kingdom	2020
47195_1#39	United Kingdom	2009
46321_2#370	Cambodia	2019
46321_2#315	Cambodia	2019
46358_2#244	Thailand	2009
46358_2#206	Cambodia	2019
46736_1#184	United Kingdom	2020
46358_2#169	Cambodia	2019
46321_1#224	Cambodia	2019
46321_2#17	Cambodia	2019
46736_1#210	United Kingdom	2020
46358_2#11	Cambodia	2019
46872_1#79	United Kingdom	2019
46736_1#157	United Kingdom	2019
46321_2#218	Cambodia	2019
46736_1#285	United Kingdom	2019
47195_1#45	United Kingdom	2009
46736_1#189	United Kingdom	2019
47195_1#23	United Kingdom	2011
46472_2#185	Thailand	2008
46736_1#90	United Kingdom	2020
46736_1#311	United Kingdom	2019
47195_1#95	United Kingdom	2009
46736_1#215	United Kingdom	2019
46321_2#40	Cambodia	2019
46321_2#344	Cambodia	2019
46321_1#255	Cambodia	2019
46321_1#245	Cambodia	2019
47195_1#253	United Kingdom	2011
46321_2#297	Cambodia	2019
47195_1#19	United Kingdom	2011
47195_1#106	United Kingdom	2010
46358_2#374	Thailand	2009
46321_2#187	Cambodia	2019
46321_2#95	Cambodia	2019
47195_1#252	United Kingdom	2010
46321_2#171	Cambodia	2019
46321_1#322	Thailand	2008
46736_1#328	United Kingdom	2020
46736_1#261	United Kingdom	2019
47195_1#338	United Kingdom	2010
46472_2#288	Cambodia	2019
46321_2#66	Cambodia	2019
46736_1#81	United Kingdom	2019
47195_1#167	United Kingdom	2009
47195_1#331	United Kingdom	2011
46358_2#68	Cambodia	2019
46321_1#127	Thailand	2009
46472_2#181	Thailand	2009
46321_1#115	Thailand	2009
47195_1#31	United Kingdom	2011
47195_1#311	United Kingdom	2011
46321_2#369	Cambodia	2019
46321_2#8	Cambodia	2019
46321_2#293	Cambodia	2019
46358_2#308	Cambodia	2019
46736_1#31	United Kingdom	2019
46358_2#361	Cambodia	2019
47195_1#42	United Kingdom	2010
46321_1#278	Cambodia	2019
46736_1#245	United Kingdom	2019
46321_2#73	Cambodia	2019
46321_2#291	Cambodia	2019
47195_1#87	United Kingdom	2009
46321_2#210	Cambodia	2019
46736_1#273	United Kingdom	2019
46358_2#240	Cambodia	2019
46358_2#316	Cambodia	2019
46872_1#165	United Kingdom	2020
46472_2#317	Cambodia	2019
46736_1#120	United Kingdom	2020
46321_1#28	Cambodia	2019
47195_1#70	United Kingdom	2010
46358_2#382	Thailand	2009
46736_1#96	United Kingdom	2020
47195_1#263	United Kingdom	2011
46321_2#295	Cambodia	2019
46736_1#53	United Kingdom	2019
47195_1#155	United Kingdom	2010
47195_1#255	United Kingdom	2011
46872_1#71	United Kingdom	2019
46358_2#299	Cambodia	2019
46472_2#308	Cambodia	2019
46358_2#109	Cambodia	2019
46321_2#313	Cambodia	2019
46472_2#349	Cambodia	2019
47195_1#187	United Kingdom	2011
47195_1#189	United Kingdom	2011
46736_1#179	United Kingdom	2019
46321_2#91	Cambodia	2019
46321_2#336	Cambodia	2019
46321_1#145	Thailand	2009
46358_2#19	Cambodia	2019
46472_2#283	Cambodia	2019
46872_1#97	United Kingdom	2020
46736_1#254	United Kingdom	2020
46736_1#145	United Kingdom	2019
46358_2#129	Cambodia	2019
47195_1#41	United Kingdom	2009
47195_1#109	United Kingdom	2009
46872_1#111	United Kingdom	2020
46358_2#323	Cambodia	2019
47195_1#159	United Kingdom	2011
46736_1#57	United Kingdom	2019
46321_1#306	Cambodia	2019
47195_1#73	United Kingdom	2009
46872_1#137	United Kingdom	2020
46472_2#210	Cambodia	2019
46736_1#59	United Kingdom	2019
46736_1#233	United Kingdom	2019
46321_2#121	Cambodia	2019
46472_2#341	Cambodia	2019
46321_1#371	Cambodia	2019
46472_2#313	Cambodia	2019
46321_2#259	Cambodia	2019
46321_1#341	Cambodia	2019
46321_2#201	Cambodia	2019
46358_2#135	Cambodia	2019
46736_1#224	United Kingdom	2020
46321_1#302	Thailand	2009
47195_1#267	United Kingdom	2011
46736_1#339	United Kingdom	2019
46736_1#325	United Kingdom	2020
46358_2#318	Cambodia	2019
46321_1#336	Thailand	2008
47195_1#107	United Kingdom	2009
46872_1#101	United Kingdom	2020
46321_2#253	Cambodia	2019
46321_2#27	Cambodia	2019
46736_1#177	United Kingdom	2019
46321_2#199	Cambodia	2019
46736_1#217	United Kingdom	2019
46736_1#148	United Kingdom	2020
46321_1#248	Cambodia	2019
46321_2#183	Cambodia	2019
46321_1#159	Thailand	2009
46472_2#150	Cambodia	2019
46358_2#257	Cambodia	2019
46472_2#182	Cambodia	2019
46358_2#256	Cambodia	2019
46472_2#309	Cambodia	2019
46472_2#60	Cambodia	2019
46321_1#54	Cambodia	2019
46321_1#251	Cambodia	2019
46736_1#343	United Kingdom	2019
46736_1#265	United Kingdom	2019
46321_2#14	Cambodia	2019
46358_2#2	Cambodia	2019
47195_1#205	United Kingdom	2010
46321_2#275	Cambodia	2019
47195_1#147	United Kingdom	2010
46358_2#3	Cambodia	2019
46472_2#113	Thailand	2010
46736_1#126	United Kingdom	2020
46358_2#44	Cambodia	2019
46321_2#374	Cambodia	2019
46736_1#244	United Kingdom	2020
46872_1#133	United Kingdom	2020
47195_1#266	United Kingdom	2010
46321_2#211	Cambodia	2019
46321_2#359	Cambodia	2019
46321_2#179	Cambodia	2019
46872_1#169	United Kingdom	2020
46736_1#91	United Kingdom	2019
46736_1#283	United Kingdom	2020
46358_2#350	Thailand	2010
47195_1#289	United Kingdom	2011
46358_2#372	Thailand	2008
47195_1#36	United Kingdom	2010
47195_1#288	United Kingdom	2010
46321_2#349	Cambodia	2019
46321_1#317	Cambodia	2019
46472_2#312	Cambodia	2019
46736_1#87	United Kingdom	2019
46321_1#146	Cambodia	2019
46321_2#9	Cambodia	2019
47195_1#47	United Kingdom	2009
47195_1#13	United Kingdom	2009
47195_1#170	United Kingdom	2010
47195_1#166	United Kingdom	2010
47195_1#68	United Kingdom	2010
46736_1#242	United Kingdom	2020
47195_1#119	United Kingdom	2010
46736_1#84	United Kingdom	2020
46358_2#5	Cambodia	2019
46472_2#221	Thailand	2009
46736_1#147	United Kingdom	2019
46321_2#310	Cambodia	2019
46321_1#345	Cambodia	2019
46736_1#209	United Kingdom	2019
47195_1#333	United Kingdom	2011
46472_2#245	Thailand	2009
47195_1#195	United Kingdom	2009
46321_2#111	Cambodia	2019
46736_1#22	United Kingdom	2020
47195_1#136	United Kingdom	2010
46321_1#117	Thailand	2010
47195_1#171	United Kingdom	2009
46321_2#45	Cambodia	2019
46736_1#241	United Kingdom	2019
46321_1#55	Thailand	2008
46321_2#225	Cambodia	2019
46736_1#275	United Kingdom	2020
47195_1#241	United Kingdom	2011
47195_1#125	United Kingdom	2010
46872_1#139	United Kingdom	2020
46358_2#306	Cambodia	2019
46736_1#50	United Kingdom	2020
47195_1#265	United Kingdom	2011
46472_2#22	Cambodia	2019
46736_1#115	United Kingdom	2019
46472_2#371	Cambodia	2019
47195_1#9	United Kingdom	2009
46472_2#316	Cambodia	2019
46358_2#41	Cambodia	2019
47195_1#305	United Kingdom	2011
47195_1#85	United Kingdom	2009
47195_1#315	United Kingdom	2011
46321_1#304	Thailand	2010
46872_1#73	United Kingdom	2019
46872_1#13	United Kingdom	2019
46321_2#287	Cambodia	2019
46472_2#370	Cambodia	2019
46321_2#265	Cambodia	2019
46872_1#45	United Kingdom	2019
46472_2#116	Cambodia	2019
46321_2#250	Cambodia	2019
46872_1#195	United Kingdom	2020
47195_1#191	United Kingdom	2011
47195_1#110	United Kingdom	2010
47195_1#236	United Kingdom	2011
46358_2#342	Cambodia	2019
46872_1#197	United Kingdom	2020
46736_1#155	United Kingdom	2019
47195_1#239	United Kingdom	2010
46321_2#81	Cambodia	2019
46472_2#212	Cambodia	2019
46872_1#7	United Kingdom	2019
46321_2#311	Cambodia	2019
46358_2#352	Thailand	2009
46472_2#247	Thailand	2009
47195_1#83	United Kingdom	2009
46321_2#125	Cambodia	2019
46321_2#127	Cambodia	2019
46736_1#295	United Kingdom	2019
46321_1#250	Cambodia	2019
46472_2#306	Cambodia	2019
47195_1#55	United Kingdom	2011
47195_1#78	United Kingdom	2010
46736_1#118	United Kingdom	2020
46358_2#74	Cambodia	2019
46472_2#223	Thailand	2008
47195_1#258	United Kingdom	2010
46358_2#263	Cambodia	2019
46321_2#203	Cambodia	2019
47195_1#232	United Kingdom	2011
46736_1#297	United Kingdom	2019
46358_2#296	Cambodia	2019
46872_1#1	United Kingdom	2019
46358_2#297	Cambodia	2019
47195_1#81	United Kingdom	2009
46358_2#73	Cambodia	2019
46321_2#158	Cambodia	2019
46358_2#233	Cambodia	2019
46321_2#149	Cambodia	2019
46321_1#282	Cambodia	2019
46358_2#294	Cambodia	2019
47195_1#183	United Kingdom	2011
46321_2#231	Cambodia	2019
46321_2#195	Cambodia	2019
46321_2#185	Cambodia	2019
46321_1#241	Cambodia	2019
46321_1#309	Cambodia	2019
46321_1#339	Cambodia	2019
46321_1#119	Thailand	2009
46321_1#62	Cambodia	2019
46736_1#287	United Kingdom	2019
46321_2#79	Cambodia	2019
46358_2#262	Cambodia	2019
46736_1#356	United Kingdom	2020
46321_2#75	Cambodia	2019
46358_2#332	Cambodia	2019
47195_1#326	United Kingdom	2010
46736_1#124	United Kingdom	2020
46736_1#267	United Kingdom	2019
46736_1#349	United Kingdom	2020
46321_2#224	Cambodia	2019
46472_2#127	Thailand	2009
46736_1#152	United Kingdom	2020
46872_1#105	United Kingdom	2020
46358_2#167	Cambodia	2019
46872_1#41	United Kingdom	2019
46736_1#32	United Kingdom	2020
46472_2#369	Cambodia	2019
46736_1#60	United Kingdom	2020
46321_2#255	Cambodia	2019
47195_1#300	United Kingdom	2010
47195_1#65	United Kingdom	2009
46736_1#257	United Kingdom	2019
46321_2#37	Cambodia	2019
46321_1#383	Cambodia	2019
46472_2#220	Cambodia	2019
46358_2#208	Cambodia	2019
46736_1#128	United Kingdom	2020
46736_1#188	United Kingdom	2020
46321_2#325	Cambodia	2019
47195_1#280	United Kingdom	2010
46472_2#115	Thailand	2008
47195_1#206	United Kingdom	2011
47195_1#103	United Kingdom	2009
46736_1#251	United Kingdom	2019
46472_2#373	Cambodia	2019
47195_1#132	United Kingdom	2010
46321_2#269	Cambodia	2019
46321_2#364	Cambodia	2019
46321_1#211	Thailand	2009
46321_1#286	Cambodia	2019
46321_2#354	Cambodia	2019
47195_1#332	United Kingdom	2010
SAMEA4621706	South Africa	2012
SAMEA4621561	South Africa	2012
SAMEA4621716	South Africa	2012
SAMEA4622285	South Africa	2012
SAMEA4622101	South Africa	2012
SAMEA4622356	South Africa	2013
SAMEA4621176	South Africa	2013
SAMEA4620359	South Africa	2013
SAMEA4620989	South Africa	2013
SAMEA4622147	South Africa	2014
SAMEA4621616	South Africa	2012
SAMEA4621722	South Africa	2013
SAMEA4621904	South Africa	2013
SAMEA4621633	South Africa	2014
SAMEA4621488	South Africa	2012
SAMEA4621606	South Africa	2012
SAMEA4622261	South Africa	2012
SAMEA4622527	South Africa	2013
SAMEA4621308	South Africa	2013
SAMEA4622732	South Africa	2013
SAMEA4620330	South Africa	2013
SAMEA4620360	South Africa	2013
SAMEA4620408	South Africa	2013
SAMEA4621113	South Africa	2013
SAMEA4621279	South Africa	2014
SAMEA4622361	South Africa	2012
SAMEA4622767	South Africa	2012
SAMEA4622981	South Africa	2012
SAMEA4621502	South Africa	2013
SAMEA4622033	South Africa	2013
SAMEA4620367	South Africa	2013
SAMEA4620404	South Africa	2013
SAMEA4620457	South Africa	2013
SAMEA4621919	South Africa	2012
SAMEA4621602	South Africa	2012
SAMEA4620880	South Africa	2012
SAMEA4622039	South Africa	2013
SAMEA4620905	South Africa	2013
SAMEA4620311	South Africa	2013
SAMEA4621697	South Africa	2013
SAMEA4621104	South Africa	2013
SAMEA4620354	South Africa	2013
SAMEA4620407	South Africa	2013
SAMEA4619739	South Africa	2012
SAMEA4621075	South Africa	2012
SAMEA4621815	South Africa	2012
SAMEA4621767	South Africa	2012
SAMEA4622303	South Africa	2013
SAMEA4622412	South Africa	2013
SAMEA4620292	South Africa	2013
SAMEA4620840	South Africa	2013
SAMEA4620337	South Africa	2013
SAMEA4620370	South Africa	2013
SAMEA4620415	South Africa	2013
SAMEA4620443	South Africa	2013
SAMEA4621229	South Africa	2012
SAMEA4621288	South Africa	2013
SAMEA4621695	South Africa	2013
SAMEA4621752	South Africa	2013
SAMEA4620933	South Africa	2013
SAMEA4621750	South Africa	2013
SAMEA4622539	South Africa	2013
SAMEA4621592	South Africa	2014
SAMEA4622062	South Africa	2012
SAMEA4622135	South Africa	2013
SAMEA4622982	South Africa	2013
SAMEA4621548	South Africa	2013
SAMEA4621395	South Africa	2013
SAMEA4620364	South Africa	2013
SAMEA4622591	South Africa	2013
SAMEA4622592	South Africa	2013
SAMEA4621074	South Africa	2013
SAMEA4622306	South Africa	2013
SAMEA4622113	South Africa	2013
SAMEA4622128	South Africa	2013
SAMEA4620327	South Africa	2013
SAMEA4621408	South Africa	2013
SAMEA4620385	South Africa	2013
SAMEA4622396	South Africa	2013
SAMEA4622641	South Africa	2013
SAMEA4620867	South Africa	2012
SAMEA4621297	South Africa	2012
SAMEA4622287	South Africa	2013
SAMEA4620302	South Africa	2013
SAMEA4620783	South Africa	2013
SAMEA4622532	South Africa	2014
SAMEA4621927	South Africa	2012
SAMEA4622902	South Africa	2012
SAMEA4622236	South Africa	2013
SAMEA4620906	South Africa	2013
SAMEA4620838	South Africa	2013
SAMEA4621527	South Africa	2013
SAMEA4621753	South Africa	2013
SAMEA4620914	South Africa	2013
SAMEA4620723	South Africa	2013
SAMEA4621730	South Africa	2013
SAMEA4622686	South Africa	2013
SAMEA4621613	South Africa	2013
SAMEA4622724	South Africa	2014
SAMEA4622165	South Africa	2014
SAMEA4621025	South Africa	2013
SAMEA4621957	South Africa	2012
SAMEA4622254	South Africa	2012
SAMEA4622559	South Africa	2012
SAMEA4620270	South Africa	2013
SAMEA4620355	South Africa	2013
SAMEA4620915	South Africa	2013
SAMEA4621812	South Africa	2013
SAMEA4621701	South Africa	2013
SAMEA4621329	South Africa	2013
SAMEA4621647	South Africa	2014
SAMEA4621143	South Africa	2012
SAMEA4622112	South Africa	2013
SAMEA4622137	South Africa	2013
SAMEA4620273	South Africa	2013
SAMEA4620780	South Africa	2013
SAMEA4620306	South Africa	2013
SAMEA4620721	South Africa	2013
SAMEA4620450	South Africa	2013
SAMEA4621193	South Africa	2013
SAMEA4622193	South Africa	2012
SAMEA4621733	South Africa	2012
SAMEA4622479	South Africa	2012
SAMEA4622090	South Africa	2013
SAMEA4620299	South Africa	2013
SAMEA4620909	South Africa	2013
SAMEA4620323	South Africa	2013
SAMEA4622364	South Africa	2013
SAMEA4620332	South Africa	2013
SAMEA4621879	South Africa	2013
SAMEA4621621	South Africa	2013
SAMEA4621195	South Africa	2013
SAMEA4622103	South Africa	2013
SAMEA4621833	South Africa	2013
SAMEA4620722	South Africa	2013
SAMEA4622622	South Africa	2013
SAMEA4622657	South Africa	2013
SAMEA4621881	South Africa	2013
SAMEA4621886	South Africa	2014
SAMEA4622004	South Africa	2012
SAMEA4622690	South Africa	2013
SAMEA4621268	South Africa	2013
SAMEA4620381	South Africa	2013
SAMEA4620420	South Africa	2013
SAMEA4621913	South Africa	2013
SAMEA4621200	South Africa	2013
SAMEA4621769	South Africa	2012
SAMEA4622684	South Africa	2012
SAMEA4620941	South Africa	2012
SAMEA4621076	South Africa	2012
SAMEA4621486	South Africa	2012
SAMEA4621644	South Africa	2012
SAMEA4620881	South Africa	2013
SAMEA4622330	South Africa	2013
SAMEA4622042	South Africa	2013
SAMEA4621262	South Africa	2013
SAMEA4620835	South Africa	2013
SAMEA4622530	South Africa	2013
SAMEA4621520	South Africa	2013
SAMEA4621942	South Africa	2013
SAMEA4621051	South Africa	2013
SAMEA4620431	South Africa	2013
SAMEA4622845	South Africa	2013
SAMEA4621272	South Africa	2013
SAMEA4622854	South Africa	2013
SAMEA4621775	South Africa	2014
SAMEA4621141	South Africa	2013
SAMEA4621582	South Africa	2013
SAMEA4621439	South Africa	2013
SAMEA4620347	South Africa	2013
SAMEA4620996	South Africa	2013
SAMEA4621908	South Africa	2014
SAMEA4622227	South Africa	2012
SAMEA4621605	South Africa	2012
SAMEA4622618	South Africa	2013
SAMEA4621311	South Africa	2013
SAMEA4620437	South Africa	2013
SAMEA4621055	South Africa	2013
SAMEA4621274	South Africa	2013
SAMEA4622819	South Africa	2013
SAMEA4621715	South Africa	2015
SAMEA4622926	South Africa	2013
SAMEA4621309	South Africa	2013
SAMEA4620912	South Africa	2013
SAMEA4620365	South Africa	2013
SAMEA4620452	South Africa	2013
SAMEA4622078	South Africa	2013
SAMEA4621980	South Africa	2013
SAMEA4621059	South Africa	2013
SAMEA4622291	South Africa	2013
SAMEA4622008	South Africa	2013
SAMEA4620509	South Africa	2013
SAMEA4622084	South Africa	2014
SAMEA4622222	South Africa	2014
SAMEA4621048	South Africa	2013
SAMEA4620379	South Africa	2013
SAMEA4622640	South Africa	2013
SAMEA4622047	South Africa	2013
SAMEA4620496	South Africa	2013
SAMEA4621522	South Africa	2013
SAMEA4621971	South Africa	2013
SAMEA4621196	South Africa	2013
SAMEA4622448	South Africa	2013
SAMEA4621619	South Africa	2013
SAMEA4620334	South Africa	2013
SAMEA4620844	South Africa	2013
SAMEA4622262	South Africa	2013
SAMEA4621120	South Africa	2013
SAMEA4621702	South Africa	2013
SAMEA4620500	South Africa	2013
SAMEA4621556	South Africa	2012
SAMEA4620316	South Africa	2013
SAMEA4622230	South Africa	2013
SAMEA4621046	South Africa	2013
SAMEA4620787	South Africa	2013
SAMEA4620669	South Africa	2013
SAMEA4623010	South Africa	2013
SAMEA4622091	South Africa	2013
SAMEA4622648	South Africa	2013
SAMEA4621672	South Africa	2013
SAMEA4622444	South Africa	2013
SAMEA4621336	South Africa	2013
SAMEA4621584	South Africa	2014
SAMEA4620344	South Africa	2013
SAMEA4622140	South Africa	2013
SAMEA4622634	South Africa	2013
SAMEA4620931	South Africa	2013
SAMEA4621813	South Africa	2014
SAMEA4620734	South Africa	2013
SAMEA4620285	South Africa	2013
SAMEA4621428	South Africa	2013
SAMEA4621101	South Africa	2013
SAMEA4620322	South Africa	2013
SAMEA4622379	South Africa	2014
SAMEA4622864	South Africa	2013
SAMEA4620740	South Africa	2013
SAMEA4620662	South Africa	2013
SAMEA4622269	South Africa	2014
SAMEA4620378	South Africa	2013
SAMEA4622046	South Africa	2013
SAMEA4622378	South Africa	2013
SAMEA4622365	South Africa	2013
SAMEA4620727	South Africa	2013
SAMEA4620924	South Africa	2013
SAMEA4622093	South Africa	2013
SAMEA4622951	South Africa	2013
SAMEA4622635	South Africa	2013
SAMEA4621856	South Africa	2013
SAMEA4620274	South Africa	2013
SAMEA4620295	South Africa	2013
SAMEA4620308	South Africa	2013
SAMEA4620658	South Africa	2013
SAMEA4620342	South Africa	2013
SAMEA4620976	South Africa	2013
SAMEA4621397	South Africa	2013
SAMEA4622373	South Africa	2013
SAMEA4622574	South Africa	2013
SAMEA4621586	South Africa	2013
SAMEA4620297	South Africa	2013
SAMEA4622897	South Africa	2013
SAMEA4620315	South Africa	2013
SAMEA4621265	South Africa	2013
SAMEA4621179	South Africa	2013
SAMEA4622151	South Africa	2013
SAMEA4621106	South Africa	2013
SAMEA4622157	South Africa	2013
SAMEA4622290	South Africa	2013
SAMEA4620569	South Africa	2013
SAMEA4622214	South Africa	2013
SAMEA4621796	South Africa	2013
SAMEA4622898	South Africa	2013
SAMEA4622512	South Africa	2013
SAMEA4622067	South Africa	2013
SAMEA4620591	South Africa	2014
SAMEA4621321	South Africa	2015
SAMEA4621921	South Africa	2013
SAMEA4622173	South Africa	2013
SAMEA4621533	South Africa	2013
SAMEA4620913	South Africa	2013
SAMEA4621905	South Africa	2013
SAMEA4622505	South Africa	2013
SAMEA4621472	South Africa	2013
SAMEA4620793	South Africa	2013
SAMEA4622666	South Africa	2014
SAMEA4621264	South Africa	2013
SAMEA4622338	South Africa	2013
SAMEA4622812	South Africa	2013
SAMEA4620350	South Africa	2013
SAMEA4620375	South Africa	2013
SAMEA4620668	South Africa	2013
SAMEA4622908	South Africa	2013
SAMEA4622430	South Africa	2013
SAMEA4621961	South Africa	2013
SAMEA4622158	South Africa	2013
SAMEA4621990	South Africa	2013
SAMEA4621609	South Africa	2013
SAMEA4621064	South Africa	2014
SAMEA4622136	South Africa	2013
SAMEA4622647	South Africa	2013
SAMEA4620833	South Africa	2013
SAMEA4622560	South Africa	2013
SAMEA4622874	South Africa	2013
SAMEA4621457	South Africa	2013
SAMEA4620430	South Africa	2013
SAMEA4620790	South Africa	2013
SAMEA4621480	South Africa	2013
SAMEA4622805	South Africa	2013
SAMEA4621723	South Africa	2014
SAMEA4622257	South Africa	2013
SAMEA4622252	South Africa	2013
SAMEA4621699	South Africa	2013
SAMEA4620368	South Africa	2013
SAMEA4620398	South Africa	2013
SAMEA4621710	South Africa	2013
SAMEA4620441	South Africa	2013
SAMEA4620992	South Africa	2013
SAMEA4620471	South Africa	2013
SAMEA4622493	South Africa	2013
SAMEA4622092	South Africa	2013
SAMEA4620550	South Africa	2013
SAMEA4622577	South Africa	2013
SAMEA4622822	South Africa	2013
SAMEA4621687	South Africa	2013
SAMEA4622604	South Africa	2013
SAMEA4622779	South Africa	2013
SAMEA4621914	South Africa	2013
SAMEA4621916	South Africa	2014
SAMEA4621760	South Africa	2013
SAMEA4622422	South Africa	2013
SAMEA4620560	South Africa	2013
SAMEA4621337	South Africa	2013
SAMEA4621674	South Africa	2013
SAMEA4621056	South Africa	2013
SAMEA4620276	South Africa	2013
SAMEA4620834	South Africa	2013
SAMEA4622000	South Africa	2013
SAMEA4621941	South Africa	2013
SAMEA4621194	South Africa	2013
SAMEA4620505	South Africa	2013
SAMEA4621213	South Africa	2014
SAMEA4620413	South Africa	2013
SAMEA4620488	South Africa	2013
SAMEA4621982	South Africa	2013
SAMEA4620842	South Africa	2013
SAMEA4621111	South Africa	2013
SAMEA4620444	South Africa	2013
SAMEA4622105	South Africa	2013
SAMEA4621698	South Africa	2013
SAMEA4620986	South Africa	2013
SAMEA4621343	South Africa	2013
SAMEA4621185	South Africa	2013
SAMEA4620849	South Africa	2013
SAMEA4620561	South Africa	2013
SAMEA4620859	South Africa	2013
SAMEA4620499	South Africa	2013
SAMEA4621127	South Africa	2014
SAMEA4620537	South Africa	2014
SAMEA4620799	South Africa	2014
SAMEA4622877	South Africa	2013
SAMEA4622132	South Africa	2014
SAMEA4620784	South Africa	2013
SAMEA4621534	South Africa	2013
SAMEA4622610	South Africa	2013
SAMEA4620786	South Africa	2013
SAMEA4620987	South Africa	2013
SAMEA4620391	South Africa	2013
SAMEA4620445	South Africa	2013
SAMEA4622728	South Africa	2013
SAMEA4620993	South Africa	2013
SAMEA4620470	South Africa	2013
SAMEA4621423	South Africa	2013
SAMEA4622263	South Africa	2013
SAMEA4622123	South Africa	2013
SAMEA4622163	South Africa	2013
SAMEA4621318	South Africa	2013
SAMEA4620578	South Africa	2013
SAMEA4620539	South Africa	2014
SAMEA4621216	South Africa	2014
SAMEA4622309	South Africa	2013
SAMEA4621305	South Africa	2013
SAMEA4620312	South Africa	2013
SAMEA4620910	South Africa	2013
SAMEA4622372	South Africa	2013
SAMEA4620335	South Africa	2013
SAMEA4621208	South Africa	2013
SAMEA4622064	South Africa	2013
SAMEA4621119	South Africa	2013
SAMEA4622009	South Africa	2014
SAMEA4620371	South Africa	2013
SAMEA4622280	South Africa	2013
SAMEA4622461	South Africa	2013
SAMEA4620796	South Africa	2013
SAMEA4622568	South Africa	2013
SAMEA4622518	South Africa	2013
SAMEA4620736	South Africa	2013
SAMEA4622034	South Africa	2013
SAMEA4621108	South Africa	2013
SAMEA4621342	South Africa	2013
SAMEA4622391	South Africa	2013
SAMEA4620850	South Africa	2013
SAMEA4620492	South Africa	2013
SAMEA4621757	South Africa	2013
SAMEA4620532	South Africa	2013
SAMEA4621198	South Africa	2013
SAMEA4622720	South Africa	2013
SAMEA4621688	South Africa	2014
SAMEA4622615	South Africa	2013
SAMEA4621359	South Africa	2013
SAMEA4620998	South Africa	2013
SAMEA4620564	South Africa	2013
SAMEA4621589	South Africa	2013
SAMEA4621675	South Africa	2014
SAMEA4622331	South Africa	2013
SAMEA4622429	South Africa	2013
SAMEA4621513	South Africa	2013
SAMEA4620988	South Africa	2013
SAMEA4620442	South Africa	2013
SAMEA4620549	South Africa	2013
SAMEA4622048	South Africa	2013
SAMEA4622675	South Africa	2013
SAMEA4622978	South Africa	2013
SAMEA4620294	South Africa	2013
SAMEA4621306	South Africa	2013
SAMEA4622581	South Africa	2013
SAMEA4622377	South Africa	2013
SAMEA4621892	South Africa	2013
SAMEA4621283	South Africa	2014
SAMEA4621936	South Africa	2014
SAMEA4620551	South Africa	2013
SAMEA4622083	South Africa	2013
SAMEA4622231	South Africa	2013
SAMEA4622628	South Africa	2013
SAMEA4622548	South Africa	2013
SAMEA4622513	South Africa	2014
SAMEA4621721	South Africa	2013
SAMEA4621192	South Africa	2013
SAMEA4620494	South Africa	2013
SAMEA4621821	South Africa	2013
SAMEA4621598	South Africa	2015
SAMEA4621358	South Africa	2013
SAMEA4622239	South Africa	2013
SAMEA4621981	South Africa	2013
SAMEA4621923	South Africa	2013
SAMEA4622191	South Africa	2013
SAMEA4620733	South Africa	2014
SAMEA4620594	South Africa	2015
SAMEA4622258	South Africa	2013
SAMEA4620321	South Africa	2013
SAMEA4621743	South Africa	2013
SAMEA4621590	South Africa	2013
SAMEA4622215	South Africa	2013
SAMEA4622066	South Africa	2013
SAMEA4620797	South Africa	2014
SAMEA4621043	South Africa	2013
SAMEA4622013	South Africa	2013
SAMEA4622402	South Africa	2013
SAMEA4621333	South Africa	2013
SAMEA4620438	South Africa	2013
SAMEA4620930	South Africa	2013
SAMEA4620563	South Africa	2013
SAMEA4622001	South Africa	2013
SAMEA4622320	South Africa	2014
SAMEA4621062	South Africa	2014
SAMEA4621212	South Africa	2014
SAMEA4621552	South Africa	2013
SAMEA4620922	South Africa	2013
SAMEA4621334	South Africa	2013
SAMEA4622054	South Africa	2013
SAMEA4621711	South Africa	2013
SAMEA4621126	South Africa	2013
SAMEA4620531	South Africa	2013
SAMEA4620678	South Africa	2014
SAMEA4621322	South Africa	2015
SAMEA4621655	South Africa	2013
SAMEA4620275	South Africa	2013
SAMEA4621720	South Africa	2013
SAMEA4622109	South Africa	2013
SAMEA4622156	South Africa	2013
SAMEA4620341	South Africa	2013
SAMEA4620387	South Africa	2013
SAMEA4620789	South Africa	2013
SAMEA4620557	South Africa	2013
SAMEA4620570	South Africa	2013
SAMEA4622762	South Africa	2013
SAMEA4622397	South Africa	2013
SAMEA4620526	South Africa	2014
SAMEA4622462	South Africa	2014
SAMEA4620654	South Africa	2013
SAMEA4622875	South Africa	2013
SAMEA4622603	South Africa	2013
SAMEA4620361	South Africa	2013
SAMEA4621955	South Africa	2013
SAMEA4620458	South Africa	2013
SAMEA4622431	South Africa	2013
SAMEA4620498	South Africa	2013
SAMEA4622036	South Africa	2013
SAMEA4621731	South Africa	2013
SAMEA4620858	South Africa	2013
SAMEA4620523	South Africa	2013
SAMEA4620533	South Africa	2014
SAMEA4622002	South Africa	2014
SAMEA4621380	South Africa	2013
SAMEA4620411	South Africa	2013
SAMEA4622413	South Africa	2013
SAMEA4622323	South Africa	2013
SAMEA4622543	South Africa	2014
SAMEA4622164	South Africa	2013
SAMEA4622987	South Africa	2013
SAMEA4622141	South Africa	2013
SAMEA4620530	South Africa	2013
SAMEA4622859	South Africa	2014
SAMEA4621841	South Africa	2013
SAMEA4622247	South Africa	2013
SAMEA4621729	South Africa	2013
SAMEA4620380	South Africa	2013
SAMEA4622751	South Africa	2013
SAMEA4621344	South Africa	2013
SAMEA4620493	South Africa	2013
SAMEA4621385	South Africa	2013
SAMEA4621889	South Africa	2013
SAMEA4621890	South Africa	2013
SAMEA4621123	South Africa	2014
SAMEA4621529	South Africa	2014
SAMEA4621924	South Africa	2014
SAMEA4622166	South Africa	2015
SAMEA4621519	South Africa	2013
SAMEA4622183	South Africa	2013
SAMEA4621789	South Africa	2013
SAMEA4620801	South Africa	2013
SAMEA4620475	South Africa	2013
SAMEA4620562	South Africa	2013
SAMEA4621001	South Africa	2013
SAMEA4620519	South Africa	2013
SAMEA4620534	South Africa	2014
SAMEA4621211	South Africa	2014
SAMEA4621429	South Africa	2013
SAMEA4620661	South Africa	2013
SAMEA4620394	South Africa	2013
SAMEA4620405	South Africa	2013
SAMEA4621315	South Africa	2013
SAMEA4620508	South Africa	2013
SAMEA4621703	South Africa	2014
SAMEA4622120	South Africa	2013
SAMEA4620338	South Africa	2013
SAMEA4622797	South Africa	2013
SAMEA4620848	South Africa	2013
SAMEA4622665	South Africa	2013
SAMEA4622510	South Africa	2013
SAMEA4621204	South Africa	2013
SAMEA4620521	South Africa	2013
SAMEA4620536	South Africa	2014
SAMEA4620854	South Africa	2014
SAMEA4620512	South Africa	2014
SAMEA4621387	South Africa	2014
SAMEA4621996	South Africa	2014
SAMEA4622376	South Africa	2013
SAMEA4621550	South Africa	2013
SAMEA4620357	South Africa	2013
SAMEA4621190	South Africa	2013
SAMEA4621317	South Africa	2013
SAMEA4620932	South Africa	2013
SAMEA4622435	South Africa	2013
SAMEA4622052	South Africa	2014
SAMEA4620907	South Africa	2013
SAMEA4620303	South Africa	2013
SAMEA4620588	South Africa	2013
SAMEA4621398	South Africa	2013
SAMEA4622029	South Africa	2014
SAMEA4621790	South Africa	2013
SAMEA4620918	South Africa	2013
SAMEA4620851	South Africa	2013
SAMEA4620504	South Africa	2013
SAMEA4620565	South Africa	2013
SAMEA4622057	South Africa	2013
SAMEA4621063	South Africa	2013
SAMEA4622911	South Africa	2013
SAMEA4622345	South Africa	2014
SAMEA4622368	South Africa	2014
SAMEA4622660	South Africa	2015
SAMEA4620289	South Africa	2013
SAMEA4622920	South Africa	2013
SAMEA4620353	South Africa	2013
SAMEA4621184	South Africa	2013
SAMEA4621824	South Africa	2013
SAMEA4621366	South Africa	2013
SAMEA4622221	South Africa	2013
SAMEA4621685	South Africa	2013
SAMEA4621958	South Africa	2013
SAMEA4621121	South Africa	2013
SAMEA4622264	South Africa	2013
SAMEA4620853	South Africa	2014
SAMEA4621583	South Africa	2013
SAMEA4622511	South Africa	2013
SAMEA4622525	South Africa	2013
SAMEA4622159	South Africa	2014
SAMEA4621714	South Africa	2014
SAMEA4622478	South Africa	2014
SAMEA4622738	South Africa	2014
SAMEA4621634	South Africa	2014
SAMEA4622652	South Africa	2015
SAMEA4620352	South Africa	2013
SAMEA4621620	South Africa	2013
SAMEA4621449	South Africa	2013
SAMEA4620552	South Africa	2013
SAMEA4622627	South Africa	2013
SAMEA4621842	South Africa	2013
SAMEA4622573	South Africa	2013
SAMEA4621487	South Africa	2013
SAMEA4621061	South Africa	2014
SAMEA4622443	South Africa	2013
SAMEA4620660	South Africa	2013
SAMEA4620586	South Africa	2013
SAMEA4620926	South Africa	2013
SAMEA4621943	South Africa	2013
SAMEA4621756	South Africa	2013
SAMEA4622832	South Africa	2013
SAMEA4622555	South Africa	2013
SAMEA4620511	South Africa	2014
SAMEA4622334	South Africa	2014
SAMEA4622335	South Africa	2014
SAMEA4620716	South Africa	2013
SAMEA4620718	South Africa	2013
SAMEA4622707	South Africa	2013
SAMEA4620567	South Africa	2013
SAMEA4621360	South Africa	2013
SAMEA4620528	South Africa	2014
SAMEA4621210	South Africa	2014
SAMEA4621319	South Africa	2014
SAMEA4622142	South Africa	2014
SAMEA4622114	South Africa	2014
SAMEA4621328	South Africa	2013
SAMEA4621345	South Africa	2013
SAMEA4620925	South Africa	2013
SAMEA4622321	South Africa	2013
SAMEA4621642	South Africa	2013
SAMEA4620538	South Africa	2014
SAMEA4621362	South Africa	2014
SAMEA4620485	South Africa	2013
SAMEA4620798	South Africa	2013
SAMEA4620729	South Africa	2013
SAMEA4621891	South Africa	2014
SAMEA4622419	South Africa	2014
SAMEA4622760	South Africa	2014
SAMEA4621648	South Africa	2014
SAMEA4622232	South Africa	2015
SAMEA4620486	South Africa	2013
SAMEA4620392	South Africa	2013
SAMEA4620529	South Africa	2013
SAMEA4621597	South Africa	2013
SAMEA4621415	South Africa	2014
SAMEA4620428	South Africa	2013
SAMEA4620556	South Africa	2013
SAMEA4622418	South Africa	2013
SAMEA4620520	South Africa	2013
SAMEA4622161	South Africa	2014
SAMEA4621128	South Africa	2014
SAMEA4622883	South Africa	2014
SAMEA4622952	South Africa	2014
SAMEA4622515	South Africa	2015
SAMEA4621673	South Africa	2013
SAMEA4622663	South Africa	2013
SAMEA4620674	South Africa	2013
SAMEA4621596	South Africa	2013
SAMEA4622079	South Africa	2013
SAMEA4620525	South Africa	2014
SAMEA4622292	South Africa	2014
SAMEA4620580	South Africa	2014
SAMEA4620510	South Africa	2014
SAMEA4622740	South Africa	2014
SAMEA4622432	South Africa	2014
SAMEA4622630	South Africa	2014
SAMEA4622557	South Africa	2014
SAMEA4622433	South Africa	2014
SAMEA4622027	South Africa	2014
SAMEA4622526	South Africa	2014
SAMEA4621537	South Africa	2015
SAMEA4621953	South Africa	2013
SAMEA4620425	South Africa	2013
SAMEA4622237	South Africa	2013
SAMEA4623072	South Africa	2013
SAMEA4622053	South Africa	2013
SAMEA4622129	South Africa	2013
SAMEA4622319	South Africa	2013
SAMEA4622670	South Africa	2013
SAMEA4621755	South Africa	2014
SAMEA4621060	South Africa	2014
SAMEA4622519	South Africa	2014
SAMEA4622556	South Africa	2014
SAMEA4622658	South Africa	2014
SAMEA4622646	South Africa	2014
SAMEA4622605	South Africa	2014
SAMEA4620595	South Africa	2014
SAMEA4621049	South Africa	2013
SAMEA4621872	South Africa	2013
SAMEA4620997	South Africa	2013
SAMEA4622524	South Africa	2013
SAMEA4621973	South Africa	2014
SAMEA4620581	South Africa	2014
SAMEA4620677	South Africa	2014
SAMEA4622055	South Africa	2014
SAMEA4622708	South Africa	2014
SAMEA4620593	South Africa	2014
SAMEA4620731	South Africa	2013
SAMEA4621367	South Africa	2013
SAMEA4621536	South Africa	2013
SAMEA4620515	South Africa	2014
SAMEA4622204	South Africa	2014
SAMEA4622312	South Africa	2014
SAMEA4622408	South Africa	2014
SAMEA4621320	South Africa	2014
SAMEA4622710	South Africa	2015
SAMEA4622446	South Africa	2013
SAMEA4622068	South Africa	2014
SAMEA4622485	South Africa	2015
SAMEA4622731	South Africa	2013
SAMEA4622229	South Africa	2013
SAMEA4621728	South Africa	2013
SAMEA4620291	South Africa	2013
SAMEA4620735	South Africa	2013
SAMEA4621900	South Africa	2013
SAMEA4622318	South Africa	2013
SAMEA4622351	South Africa	2013
SAMEA4621112	South Africa	2013
SAMEA4620446	South Africa	2013
SAMEA4620514	South Africa	2014
SAMEA4621563	South Africa	2014
SAMEA4621951	South Africa	2013
SAMEA4621657	South Africa	2013
SAMEA4622466	South Africa	2013
SAMEA4621372	South Africa	2013
SAMEA4620389	South Africa	2013
SAMEA4620376	South Africa	2013
SAMEA4621118	South Africa	2013
SAMEA4621209	South Africa	2013
SAMEA4620473	South Africa	2013
SAMEA4621057	South Africa	2013
SAMEA4621864	South Africa	2012
SAMEA4621638	South Africa	2012
SAMEA4621374	South Africa	2012
SAMEA4621670	South Africa	2012
SAMEA4621459	South Africa	2012
SAMEA4620779	South Africa	2013
SAMEA4620975	South Africa	2013
SAMEA4620919	South Africa	2013
SAMEA4620455	South Africa	2013
SAMEA4620670	South Africa	2013
SAMEA4621807	South Africa	2012
SAMEA4621026	South Africa	2013
SAMEA4620985	South Africa	2013
SAMEA4620293	South Africa	2013
SAMEA4620310	South Africa	2013
SAMEA4620319	South Africa	2013
SAMEA4620324	South Africa	2013
SAMEA4620333	South Africa	2013
SAMEA4622080	South Africa	2012
SAMEA4622293	South Africa	2012
SAMEA4622475	South Africa	2012
SAMEA4622425	South Africa	2012
SAMEA4622810	South Africa	2013
SAMEA4622301	South Africa	2013
SAMEA4622251	South Africa	2013
SAMEA4621263	South Africa	2013
SAMEA4622477	South Africa	2013
SAMEA4621493	South Africa	2013
SAMEA4622633	South Africa	2013
SAMEA4621403	South Africa	2013
SAMEA4621269	South Africa	2013
SAMEA4620400	South Africa	2013
SAMEA4621116	South Africa	2013
SAMEA4622045	South Africa	2013
SAMEA4622966	South Africa	2013
SAMEA4621277	South Africa	2013
SAMEA4622756	South Africa	2013
SAMEA4621907	South Africa	2014
SAMEA4621505	South Africa	2013
SAMEA4622454	South Africa	2013
SAMEA4622020	South Africa	2013
SAMEA4622869	South Africa	2013
SAMEA4622276	South Africa	2013
SAMEA4621356	South Africa	2013
SAMEA4621273	South Africa	2013
SAMEA4622130	South Africa	2013
SAMEA4621201	South Africa	2013
SAMEA4621323	South Africa	2014
SAMEA4621578	South Africa	2012
SAMEA4621565	South Africa	2012
SAMEA4622245	South Africa	2012
SAMEA4622602	South Africa	2012
SAMEA4622273	South Africa	2013
SAMEA4620287	South Africa	2013
SAMEA4621456	South Africa	2013
SAMEA4622007	South Africa	2013
SAMEA4621267	South Africa	2013
SAMEA4620788	South Africa	2013
SAMEA4621878	South Africa	2013
SAMEA4620429	South Africa	2013
SAMEA4622696	South Africa	2014
SAMEA4622616	South Africa	2012
SAMEA4622212	South Africa	2012
SAMEA4621809	South Africa	2013
SAMEA4620286	South Africa	2013
SAMEA4621631	South Africa	2013
SAMEA4621795	South Africa	2013
SAMEA4620717	South Africa	2013
SAMEA4620393	South Africa	2013
SAMEA4622459	South Africa	2013
SAMEA4620724	South Africa	2013
SAMEA4620469	South Africa	2013
SAMEA4622209	South Africa	2014
SAMEA4621433	South Africa	2013
SAMEA4620839	South Africa	2013
SAMEA4620329	South Africa	2013
SAMEA4623234	South Africa	2013
SAMEA4622198	South Africa	2013
SAMEA4622289	South Africa	2013
SAMEA4621114	South Africa	2013
SAMEA4620791	South Africa	2013
SAMEA4620584	South Africa	2013
SAMEA4621131	South Africa	2013
SAMEA4621203	South Africa	2013
SAMEA4621280	South Africa	2012
SAMEA4621732	South Africa	2012
SAMEA4621717	South Africa	2012
SAMEA4621443	South Africa	2012
SAMEA4622017	South Africa	2012
SAMEA4622873	South Africa	2012
SAMEA4623052	South Africa	2013
SAMEA4622917	South Africa	2013
SAMEA4620301	South Africa	2013
SAMEA4620655	South Africa	2013
SAMEA4620657	South Africa	2013
SAMEA4621044	South Africa	2013
SAMEA4620841	South Africa	2013
SAMEA4620372	South Africa	2013
SAMEA4620390	South Africa	2013
SAMEA4620417	South Africa	2013
SAMEA4620439	South Africa	2013
SAMEA4621691	South Africa	2012
SAMEA4621764	South Africa	2012
SAMEA4621485	South Africa	2012
SAMEA4622018	South Africa	2012
SAMEA4622126	South Africa	2013
SAMEA4622750	South Africa	2013
SAMEA4620984	South Africa	2013
SAMEA4620282	South Africa	2013
SAMEA4621173	South Africa	2013
SAMEA4621875	South Africa	2013
SAMEA4622637	South Africa	2013
SAMEA4621761	South Africa	2013
SAMEA4621479	South Africa	2013
SAMEA4621931	South Africa	2013
SAMEA4620406	South Africa	2013
SAMEA4623009	South Africa	2013
SAMEA4620513	South Africa	2014
SAMEA4622659	South Africa	2014
SAMEA4620939	South Africa	2012
SAMEA4622060	South Africa	2012
SAMEA4621543	South Africa	2012
SAMEA4621727	South Africa	2013
SAMEA4621969	South Africa	2013
SAMEA4621759	South Africa	2013
SAMEA4620837	South Africa	2013
SAMEA4621696	South Africa	2013
SAMEA4621625	South Africa	2013
SAMEA4620738	South Africa	2013
SAMEA4622468	South Africa	2013
SAMEA4620671	South Africa	2013
SAMEA4621361	South Africa	2014
SAMEA4621438	South Africa	2012
SAMEA4620970	South Africa	2013
SAMEA4622388	South Africa	2013
SAMEA4622480	South Africa	2013
SAMEA4622384	South Africa	2014
SAMEA4622894	South Africa	2012
SAMEA4620283	South Africa	2013
SAMEA4621177	South Africa	2013
SAMEA4620326	South Africa	2013
SAMEA4620377	South Africa	2013
SAMEA4622778	South Africa	2013
SAMEA4620467	South Africa	2013
SAMEA4621591	South Africa	2014
SAMEA4621228	South Africa	2012
SAMEA4621437	South Africa	2013
SAMEA4620296	South Africa	2013
SAMEA4620782	South Africa	2013
SAMEA4621175	South Africa	2013
SAMEA4623000	South Africa	2013
SAMEA4621970	South Africa	2013
SAMEA4621045	South Africa	2013
SAMEA4620366	South Africa	2013
SAMEA4621270	South Africa	2013
SAMEA4620726	South Africa	2013
SAMEA4621776	South Africa	2012
SAMEA4622632	South Africa	2012
SAMEA4622088	South Africa	2012
SAMEA4621741	South Africa	2012
SAMEA4622811	South Africa	2013
SAMEA4620290	South Africa	2013
SAMEA4620781	South Africa	2013
SAMEA4620656	South Africa	2013
SAMEA4622590	South Africa	2013
SAMEA4621772	South Africa	2013
SAMEA4620325	South Africa	2013
SAMEA4620382	South Africa	2013
SAMEA4621528	South Africa	2013
SAMEA4620298	South Africa	2013
SAMEA4621100	South Africa	2013
SAMEA4622472	South Africa	2013
SAMEA4621903	South Africa	2013
SAMEA4622793	South Africa	2013
SAMEA4621562	South Africa	2013
SAMEA4621947	South Africa	2013
SAMEA4621412	South Africa	2012
SAMEA4621663	South Africa	2012
SAMEA4620866	South Africa	2013
SAMEA4620288	South Africa	2013
SAMEA4622246	South Africa	2013
SAMEA4621547	South Africa	2013
SAMEA4621549	South Africa	2013
SAMEA4621503	South Africa	2013
SAMEA4621103	South Africa	2013
SAMEA4621440	South Africa	2013
SAMEA4620374	South Africa	2013
SAMEA4620666	South Africa	2013
SAMEA4621054	South Africa	2013
SAMEA4621003	South Africa	2013
SAMEA4621991	South Africa	2014
SAMEA4620281	South Africa	2013
SAMEA4622492	South Africa	2013
SAMEA4621351	South Africa	2013
SAMEA4621810	South Africa	2013
SAMEA4622924	South Africa	2013
SAMEA4620349	South Africa	2013
SAMEA4621050	South Africa	2013
SAMEA4620277	South Africa	2013
SAMEA4621659	South Africa	2013
SAMEA4620664	South Africa	2013
SAMEA4621893	South Africa	2013
SAMEA4622937	South Africa	2014
SAMEA4620860	South Africa	2014
SAMEA4621770	South Africa	2012
SAMEA4621013	South Africa	2012
SAMEA4621420	South Africa	2012
SAMEA4622844	South Africa	2013
SAMEA4621952	South Africa	2013
SAMEA4620739	South Africa	2013
SAMEA4622185	South Africa	2013
SAMEA4620422	South Africa	2013
SAMEA4620433	South Africa	2013
SAMEA4622313	South Africa	2014
SAMEA4621142	South Africa	2012
SAMEA4622235	South Africa	2012
SAMEA4622205	South Africa	2013
SAMEA4620280	South Africa	2013
SAMEA4620307	South Africa	2013
SAMEA4620317	South Africa	2013
SAMEA4621434	South Africa	2013
SAMEA4621558	South Africa	2013
SAMEA4622044	South Africa	2013
SAMEA4620339	South Africa	2013
SAMEA4620399	South Africa	2013
SAMEA4620401	South Africa	2013
SAMEA4620424	South Africa	2013
SAMEA4622839	South Africa	2013
SAMEA4620468	South Africa	2013
SAMEA4621888	South Africa	2013
SAMEA4622561	South Africa	2013
SAMEA4622065	South Africa	2013
SAMEA4621608	South Africa	2013
SAMEA4622210	South Africa	2014
SAMEA4620284	South Africa	2013
SAMEA4620908	South Africa	2013
SAMEA4621658	South Africa	2013
SAMEA4621818	South Africa	2013
SAMEA4621852	South Africa	2013
SAMEA4620351	South Africa	2013
SAMEA4621187	South Africa	2013
SAMEA4621052	South Africa	2013
SAMEA4623022	South Africa	2013
SAMEA4622794	South Africa	2013
SAMEA4622445	South Africa	2013
SAMEA4622162	South Africa	2013
SAMEA4622434	South Africa	2013
SAMEA4622522	South Africa	2013
SAMEA4621532	South Africa	2013
SAMEA4622063	South Africa	2013
SAMEA4622619	South Africa	2013
SAMEA4620402	South Africa	2013
SAMEA4621646	South Africa	2013
SAMEA4620990	South Africa	2013
SAMEA4622780	South Africa	2013
SAMEA4621221	South Africa	2012
SAMEA4620300	South Africa	2013
SAMEA4620314	South Africa	2013
SAMEA4620737	South Africa	2013
SAMEA4621105	South Africa	2013
SAMEA4622122	South Africa	2013
SAMEA4620481	South Africa	2013
SAMEA4621791	South Africa	2012
SAMEA4621777	South Africa	2012
SAMEA4622118	South Africa	2012
SAMEA4622538	South Africa	2013
SAMEA4620279	South Africa	2013
SAMEA4620309	South Africa	2013
SAMEA4622012	South Africa	2013
SAMEA4622184	South Africa	2013
SAMEA4622332	South Africa	2013
SAMEA4621188	South Africa	2013
SAMEA4620454	South Africa	2013
SAMEA4621189	South Africa	2013
SAMEA4622028	South Africa	2013
SAMEA4621174	South Africa	2013
SAMEA4622701	South Africa	2013
SAMEA4620971	South Africa	2013
SAMEA4620336	South Africa	2013
SAMEA4620663	South Africa	2013
SAMEA4621683	South Africa	2013
SAMEA4623159	South Africa	2013
SAMEA4622310	South Africa	2013
SAMEA4622827	South Africa	2013
SAMEA4622547	South Africa	2013
SAMEA4622106	South Africa	2015
SAMEA4622350	South Africa	2013
SAMEA4622504	South Africa	2013
SAMEA4621181	South Africa	2013
SAMEA4621512	South Africa	2013
SAMEA4620409	South Africa	2013
SAMEA4621002	South Africa	2013
SAMEA4622993	South Africa	2013
SAMEA4622620	South Africa	2013
SAMEA4621972	South Africa	2013
SAMEA4621551	South Africa	2013
SAMEA4621632	South Africa	2013
SAMEA4620412	South Africa	2013
SAMEA4621700	South Africa	2013
SAMEA4622248	South Africa	2013
SAMEA4620476	South Africa	2013
SAMEA4620544	South Africa	2013
SAMEA4620507	South Africa	2013
SAMEA4620795	South Africa	2013
SAMEA4621917	South Africa	2014
SAMEA4621689	South Africa	2015
SAMEA4622200	South Africa	2012
SAMEA4621846	South Africa	2012
SAMEA4622316	South Africa	2013
SAMEA4620715	South Africa	2013
SAMEA4622458	South Africa	2013
SAMEA4621099	South Africa	2013
SAMEA4621427	South Africa	2013
SAMEA4622880	South Africa	2013
SAMEA4622389	South Africa	2013
SAMEA4621902	South Africa	2013
SAMEA4621568	South Africa	2013
SAMEA4620403	South Africa	2013
SAMEA4621115	South Africa	2013
SAMEA4620432	South Africa	2013
SAMEA4621431	South Africa	2013
SAMEA4620472	South Africa	2013
SAMEA4622523	South Africa	2013
SAMEA4621310	South Africa	2013
SAMEA4621773	South Africa	2013
SAMEA4622121	South Africa	2013
SAMEA4621499	South Africa	2013
SAMEA4621117	South Africa	2013
SAMEA4621275	South Africa	2013
SAMEA4622266	South Africa	2013
SAMEA4621987	South Africa	2013
SAMEA4621724	South Africa	2014
SAMEA4620653	South Africa	2013
SAMEA4620304	South Africa	2013
SAMEA4622903	South Africa	2013
SAMEA4622138	South Africa	2013
SAMEA4622175	South Africa	2013
SAMEA4621834	South Africa	2013
SAMEA4621855	South Africa	2013
SAMEA4620386	South Africa	2013
SAMEA4621271	South Africa	2013
SAMEA4622830	South Africa	2013
SAMEA4620732	South Africa	2013
SAMEA4620480	South Africa	2013
SAMEA4620546	South Africa	2013
SAMEA4620794	South Africa	2013
SAMEA4621876	South Africa	2013
SAMEA4621595	South Africa	2013
SAMEA4621521	South Africa	2013
SAMEA4621448	South Africa	2013
SAMEA4621206	South Africa	2013
SAMEA4620474	South Africa	2013
SAMEA4620555	South Africa	2013
SAMEA4620541	South Africa	2013
SAMEA4621132	South Africa	2014
SAMEA4621183	South Africa	2013
SAMEA4621979	South Africa	2013
SAMEA4622139	South Africa	2013
SAMEA4621047	South Africa	2013
SAMEA4621109	South Africa	2013
SAMEA4621660	South Africa	2013
SAMEA4621133	South Africa	2014
SAMEA4622407	South Africa	2015
SAMEA4622208	South Africa	2013
SAMEA4620652	South Africa	2013
SAMEA4620305	South Africa	2013
SAMEA4620313	South Africa	2013
SAMEA4620369	South Africa	2013
SAMEA4620917	South Africa	2013
SAMEA4620447	South Africa	2013
SAMEA4620464	South Africa	2013
SAMEA4620728	South Africa	2013
SAMEA4622195	South Africa	2013
SAMEA4622265	South Africa	2013
SAMEA4622278	South Africa	2013
SAMEA4621713	South Africa	2013
SAMEA4620590	South Africa	2014
SAMEA4620911	South Africa	2013
SAMEA4620345	South Africa	2013
SAMEA4620719	South Africa	2013
SAMEA4620847	South Africa	2013
SAMEA4620477	South Africa	2013
SAMEA4620554	South Africa	2013
SAMEA4620571	South Africa	2013
SAMEA4621676	South Africa	2014
SAMEA4621922	South Africa	2013
SAMEA4621422	South Africa	2013
SAMEA4621463	South Africa	2013
SAMEA4620720	South Africa	2013
SAMEA4621471	South Africa	2013
SAMEA4620462	South Africa	2013
SAMEA4620478	South Africa	2013
SAMEA4621316	South Africa	2013
SAMEA4620852	South Africa	2013
SAMEA4621000	South Africa	2013
SAMEA4622860	South Africa	2015
SAMEA4622127	South Africa	2013
SAMEA4621102	South Africa	2013
SAMEA4621901	South Africa	2013
SAMEA4622645	South Africa	2013
SAMEA4621930	South Africa	2013
SAMEA4621430	South Africa	2013
SAMEA4621754	South Africa	2013
SAMEA4621386	South Africa	2013
SAMEA4621906	South Africa	2013
SAMEA4622279	South Africa	2013
SAMEA4620502	South Africa	2013
SAMEA4620574	South Africa	2013
SAMEA4621197	South Africa	2013
SAMEA4622460	South Africa	2013
SAMEA4621441	South Africa	2013
SAMEA4622865	South Africa	2014
SAMEA4621885	South Africa	2015
SAMEA4620358	South Africa	2013
SAMEA4620427	South Africa	2013
SAMEA4620592	South Africa	2014
SAMEA4622709	South Africa	2015
SAMEA4621535	South Africa	2013
SAMEA4621110	South Africa	2013
SAMEA4620667	South Africa	2013
SAMEA4620725	South Africa	2013
SAMEA4622765	South Africa	2013
SAMEA4621202	South Africa	2013
SAMEA4621058	South Africa	2014
SAMEA4620843	South Africa	2013
SAMEA4620845	South Africa	2013
SAMEA4621314	South Africa	2013
SAMEA4620436	South Africa	2013
SAMEA4620461	South Africa	2013
SAMEA4621191	South Africa	2013
SAMEA4620673	South Africa	2014
SAMEA4621478	South Africa	2013
SAMEA4620972	South Africa	2013
SAMEA4621182	South Africa	2013
SAMEA4620974	South Africa	2013
SAMEA4620675	South Africa	2014
SAMEA4621307	South Africa	2013
SAMEA4620320	South Africa	2013
SAMEA4622572	South Africa	2013
SAMEA4620920	South Africa	2013
SAMEA4622146	South Africa	2013
SAMEA4621409	South Africa	2013
SAMEA4621569	South Africa	2013
SAMEA4620566	South Africa	2013
SAMEA4620328	South Africa	2013
SAMEA4620343	South Africa	2013
SAMEA4620421	South Africa	2013
SAMEA4620460	South Africa	2013
SAMEA4622145	South Africa	2013
SAMEA4621686	South Africa	2013
SAMEA4622494	South Africa	2013
SAMEA4620577	South Africa	2014
SAMEA4621782	South Africa	2014
SAMEA4621641	South Africa	2013
SAMEA4620278	South Africa	2013
SAMEA4621266	South Africa	2013
SAMEA4622021	South Africa	2013
SAMEA4621511	South Africa	2013
SAMEA4620356	South Africa	2013
SAMEA4620384	South Africa	2013
SAMEA4621954	South Africa	2013
SAMEA4620426	South Africa	2013
SAMEA4621825	South Africa	2013
SAMEA4620929	South Africa	2013
SAMEA4622826	South Africa	2013
SAMEA4622390	South Africa	2013
SAMEA4621006	South Africa	2013
SAMEA4621330	South Africa	2014
SAMEA4621435	South Africa	2014
SAMEA4622674	South Africa	2013
SAMEA4621462	South Africa	2013
SAMEA4620973	South Africa	2013
SAMEA4622104	South Africa	2013
SAMEA4620449	South Africa	2013
SAMEA4620543	South Africa	2013
SAMEA4620503	South Africa	2013
SAMEA4622277	South Africa	2013
SAMEA4622706	South Africa	2013
SAMEA4622912	South Africa	2014
SAMEA4622910	South Africa	2013
SAMEA4621588	South Africa	2013
SAMEA4621384	South Africa	2013
SAMEA4621559	South Africa	2013
SAMEA4620440	South Africa	2013
SAMEA4621205	South Africa	2013
SAMEA4621974	South Africa	2013
SAMEA4622086	South Africa	2013
SAMEA4621207	South Africa	2013
SAMEA4620535	South Africa	2014
SAMEA4622744	South Africa	2014
SAMEA4621915	South Africa	2014
SAMEA4621134	South Africa	2014
SAMEA4621371	South Africa	2013
SAMEA4620836	South Africa	2013
SAMEA4622172	South Africa	2013
SAMEA4622802	South Africa	2013
SAMEA4622339	South Africa	2013
SAMEA4620346	South Africa	2013
SAMEA4620373	South Africa	2013
SAMEA4622467	South Africa	2013
SAMEA4622644	South Africa	2013
SAMEA4620448	South Africa	2013
SAMEA4622825	South Africa	2013
SAMEA4621744	South Africa	2013
SAMEA4620730	South Africa	2013
SAMEA4620575	South Africa	2013
SAMEA4622322	South Africa	2013
SAMEA4620524	South Africa	2013
SAMEA4622540	South Africa	2015
SAMEA4620659	South Africa	2013
SAMEA4622307	South Africa	2013
SAMEA4621313	South Africa	2013
SAMEA4620991	South Africa	2013
SAMEA4622626	South Africa	2013
SAMEA4621820	South Africa	2013
SAMEA4621661	South Africa	2013
SAMEA4620672	South Africa	2013
SAMEA4620579	South Africa	2014
SAMEA4620318	South Africa	2013
SAMEA4621178	South Africa	2013
SAMEA4620395	South Africa	2013
SAMEA4620916	South Africa	2013
SAMEA4622035	South Africa	2013
SAMEA4621276	South Africa	2013
SAMEA4620490	South Africa	2013
SAMEA4621946	South Africa	2013
SAMEA4621199	South Africa	2013
SAMEA4622664	South Africa	2013
SAMEA4622629	South Africa	2014
SAMEA4622059	South Africa	2014
SAMEA4622484	South Africa	2014
SAMEA4620935	South Africa	2014
SAMEA4621180	South Africa	2013
SAMEA4621404	South Africa	2013
SAMEA4620388	South Africa	2013
SAMEA4620423	South Africa	2013
SAMEA4621819	South Africa	2013
SAMEA4620501	South Africa	2013
SAMEA4622311	South Africa	2013
SAMEA4620741	South Africa	2014
SAMEA4620802	South Africa	2015
SAMEA4622150	South Africa	2013
SAMEA4620348	South Africa	2013
SAMEA4620665	South Africa	2013
SAMEA4621504	South Africa	2013
SAMEA4620479	South Africa	2013
SAMEA4620568	South Africa	2013
SAMEA4620928	South Africa	2013
SAMEA4620517	South Africa	2014
SAMEA4621857	South Africa	2014
SAMEA4621956	South Africa	2014
SAMEA4622481	South Africa	2014
SAMEA4620596	South Africa	2015
SAMEA4621396	South Africa	2013
SAMEA4621312	South Africa	2013
SAMEA4620397	South Africa	2013
SAMEA4620416	South Africa	2013
SAMEA4620435	South Africa	2013
SAMEA4620466	South Africa	2013
SAMEA4620792	South Africa	2013
SAMEA4621662	South Africa	2013
SAMEA4620576	South Africa	2013
SAMEA4622131	South Africa	2013
SAMEA4622531	South Africa	2013
SAMEA4621416	South Africa	2013
SAMEA4620522	South Africa	2013
SAMEA4621124	South Africa	2014
SAMEA4622294	South Africa	2014
SAMEA4621614	South Africa	2014
SAMEA4622884	South Africa	2014
SAMEA4621677	South Africa	2014
SAMEA4622514	South Africa	2015
SAMEA4621877	South Africa	2013
SAMEA4620785	South Africa	2013
SAMEA4620363	South Africa	2013
SAMEA4621880	South Africa	2013
SAMEA4621053	South Africa	2013
SAMEA4622058	South Africa	2013
SAMEA4622144	South Africa	2013
SAMEA4621335	South Africa	2013
SAMEA4621835	South Africa	2013
SAMEA4620516	South Africa	2014
SAMEA4621826	South Africa	2014
SAMEA4622482	South Africa	2014
SAMEA4620414	South Africa	2013
SAMEA4620434	South Africa	2013
SAMEA4620547	South Africa	2013
SAMEA4620994	South Africa	2013
SAMEA4620573	South Africa	2013
SAMEA4620506	South Africa	2013
SAMEA4620572	South Africa	2013
SAMEA4620995	South Africa	2013
SAMEA4622366	South Africa	2013
SAMEA4620527	South Africa	2014
SAMEA4620927	South Africa	2014
SAMEA4620855	South Africa	2014
SAMEA4620518	South Africa	2014
SAMEA4622695	South Africa	2014
SAMEA4622473	South Africa	2014
SAMEA4622753	South Africa	2014
SAMEA4622787	South Africa	2014
SAMEA4622717	South Africa	2014
SAMEA4622367	South Africa	2015
SAMEA5130877	South Africa	2012
SAMEA5130834	South Africa	2012
SAMEA5130892	South Africa	2013
SAMEA5130763	South Africa	2013
SAMEA5130741	South Africa	2013
SAMEA5130893	South Africa	2014
SAMEA5130886	South Africa	2014
SAMEA5130799	South Africa	2014
SAMEA5130796	South Africa	2013
SAMEA5130787	South Africa	2014
SAMEA5130860	South Africa	2013
SAMEA5130792	South Africa	2013
SAMEA5130783	South Africa	2013
SAMEA5130808	South Africa	2013
SAMEA5130750	South Africa	2014
SAMEA5130761	South Africa	2013
SAMEA5130765	South Africa	2013
SAMEA5130822	South Africa	2013
SAMEA5130816	South Africa	2013
SAMEA5130758	South Africa	2014
SAMEA5130775	South Africa	2013
SAMEA5130757	South Africa	2014
SAMEA5130882	South Africa	2014
SAMEA5130852	South Africa	2013
SAMEA5130861	South Africa	2014
SAMEA5130891	South Africa	2014
SAMEA5130883	South Africa	2013
SAMEA5130791	South Africa	2013
SAMEA5130871	South Africa	2012
SAMEA5130748	South Africa	2013
SAMEA5130845	South Africa	2013
SAMEA5130768	South Africa	2013
SAMEA5130743	South Africa	2013
SAMEA5130920	South Africa	2012
SAMEA5130876	South Africa	2012
SAMEA5130880	South Africa	2012
SAMEA5130831	South Africa	2013
SAMEA5130751	South Africa	2013
SAMEA5130776	South Africa	2013
SAMEA5130811	South Africa	2013
SAMEA5130843	South Africa	2012
SAMEA5130875	South Africa	2012
SAMEA5130794	South Africa	2012
SAMEA5130868	South Africa	2012
SAMEA5130770	South Africa	2013
SAMEA5130767	South Africa	2013
SAMEA5130840	South Africa	2012
SAMEA5130925	South Africa	2013
SAMEA5130909	South Africa	2012
SAMEA5130833	South Africa	2013
SAMEA5130749	South Africa	2014
SAMEA5130746	South Africa	2012
SAMEA5130790	South Africa	2014
SAMEA5130752	South Africa	2013
SAMEA5130777	South Africa	2013
SAMEA5130804	South Africa	2013
SAMEA5130812	South Africa	2013
SAMEA5130801	South Africa	2014
SAMEA5130782	South Africa	2014
SAMEA5130825	South Africa	2013
SAMEA5130795	South Africa	2013
SAMEA5130807	South Africa	2013
SAMEA5130788	South Africa	2013
SAMEA5130881	South Africa	2014
SAMEA5130769	South Africa	2013
SAMEA5130873	South Africa	2013
SAMEA5130745	South Africa	2013
SAMEA5130803	South Africa	2013
SAMEA5130797	South Africa	2013
SAMEA5130773	South Africa	2013
SAMEA5130809	South Africa	2013
SAMEA5130764	South Africa	2013
SAMEA5130863	South Africa	2014
SAMEA5130821	South Africa	2014
SAMEA5130815	South Africa	2014
SAMEA5130760	South Africa	2013
